,wrapperType,kind,artistId,collectionId,trackId,artistName,collectionName,trackName,collectionCensoredName,trackCensoredName,artistViewUrl,collectionViewUrl,trackViewUrl,previewUrl,artworkUrl30,artworkUrl60,artworkUrl100,collectionPrice,trackPrice,releaseDate,collectionExplicitness,trackExplicitness,discCount,discNumber,trackCount,trackNumber,trackTimeMillis,country,currency,primaryGenreName,isStreamable,collectionArtistId,collectionArtistViewUrl,trackRentalPrice,collectionHdPrice,trackHdPrice,trackHdRentalPrice,contentAdvisoryRating,shortDescription,longDescription,hasITunesExtras,collectionArtistName
0,track,song,32940.0,159292399.0,159294478,Michael Jackson,The Essential Michael Jackson,Man In the Mirror,The Essential Michael Jackson,Man In the Mirror,https://music.apple.com/us/artist/michael-jackson/32940?uo=4,https://music.apple.com/us/album/man-in-the-mirror/159292399?i=159294478&uo=4,https://music.apple.com/us/album/man-in-the-mirror/159292399?i=159294478&uo=4,https://audio-ssl.itunes.apple.com/itunes-assets/AudioPreview112/v4/cd/11/63/cd1163c6-3a50-550d-50ab-40c0a4c04df2/mzaf_12549081475469058124.plus.aac.p.m4a,https://is5-ssl.mzstatic.com/image/thumb/Music125/v4/3d/9d/38/3d9d3811-71f0-3a0e-1ada-3004e56ff852/827969428726.jpg/30x30bb.jpg,https://is5-ssl.mzstatic.com/image/thumb/Music125/v4/3d/9d/38/3d9d3811-71f0-3a0e-1ada-3004e56ff852/827969428726.jpg/60x60bb.jpg,https://is5-ssl.mzstatic.com/image/thumb/Music125/v4/3d/9d/38/3d9d3811-71f0-3a0e-1ada-3004e56ff852/827969428726.jpg/100x100bb.jpg,16.99,1.29,1987-08-31T07:00:00Z,notExplicit,notExplicit,2.0,2.0,17.0,5.0,320905,USA,USD,Pop,True,,,,,,,,,,,
1,track,song,32940.0,159292399.0,159293848,Michael Jackson,The Essential Michael Jackson,Billie Jean,The Essential Michael Jackson,Billie Jean (Single Version),https://music.apple.com/us/artist/michael-jackson/32940?uo=4,https://music.apple.com/us/album/billie-jean-single-version/159292399?i=159293848&uo=4,https://music.apple.com/us/album/billie-jean-single-version/159292399?i=159293848&uo=4,https://audio-ssl.itunes.apple.com/itunes-assets/AudioPreview112/v4/4f/ec/3e/4fec3ef8-c17c-394d-3573-a0a2aabd8889/mzaf_12729007880218988606.plus.aac.p.m4a,https://is5-ssl.mzstatic.com/image/thumb/Music125/v4/3d/9d/38/3d9d3811-71f0-3a0e-1ada-3004e56ff852/827969428726.jpg/30x30bb.jpg,https://is5-ssl.mzstatic.com/image/thumb/Music125/v4/3d/9d/38/3d9d3811-71f0-3a0e-1ada-3004e56ff852/827969428726.jpg/60x60bb.jpg,https://is5-ssl.mzstatic.com/image/thumb/Music125/v4/3d/9d/38/3d9d3811-71f0-3a0e-1ada-3004e56ff852/827969428726.jpg/100x100bb.jpg,16.99,1.29,1982-11-30T08:00:00Z,notExplicit,notExplicit,2.0,1.0,21.0,16.0,294601,USA,USD,Pop,True,,,,,,,,,,,
2,track,song,32940.0,159292399.0,159294311,Michael Jackson,The Essential Michael Jackson,Thriller,The Essential Michael Jackson,Thriller (2003 Edit),https://music.apple.com/us/artist/michael-jackson/32940?uo=4,https://music.apple.com/us/album/thriller-2003-edit/159292399?i=159294311&uo=4,https://music.apple.com/us/album/thriller-2003-edit/159292399?i=159294311&uo=4,https://audio-ssl.itunes.apple.com/itunes-assets/AudioPreview122/v4/00/13/3c/00133c94-7a87-30d5-91ea-31c034a8f967/mzaf_2732778722635858690.plus.aac.p.m4a,https://is5-ssl.mzstatic.com/image/thumb/Music125/v4/3d/9d/38/3d9d3811-71f0-3a0e-1ada-3004e56ff852/827969428726.jpg/30x30bb.jpg,https://is5-ssl.mzstatic.com/image/thumb/Music125/v4/3d/9d/38/3d9d3811-71f0-3a0e-1ada-3004e56ff852/827969428726.jpg/60x60bb.jpg,https://is5-ssl.mzstatic.com/image/thumb/Music125/v4/3d/9d/38/3d9d3811-71f0-3a0e-1ada-3004e56ff852/827969428726.jpg/100x100bb.jpg,16.99,1.29,2003-11-18T08:00:00Z,notExplicit,notExplicit,2.0,1.0,21.0,21.0,312967,USA,USD,Pop,True,,,,,,,,,,,
3,track,song,32940.0,159292399.0,159294551,Michael Jackson,The Essential Michael Jackson,Smooth Criminal,The Essential Michael Jackson,Smooth Criminal,https://music.apple.com/us/artist/michael-jackson/32940?uo=4,https://music.apple.com/us/album/smooth-criminal/159292399?i=159294551&uo=4,https://music.apple.com/us/album/smooth-criminal/159292399?i=159294551&uo=4,https://audio-ssl.itunes.apple.com/itunes-assets/AudioPreview112/v4/15/5c/43/155c43f0-7032-cf3f-bf14-8706c9828ec6/mzaf_12103726194908398282.plus.aac.p.m4a,https://is5-ssl.mzstatic.com/image/thumb/Music125/v4/3d/9d/38/3d9d3811-71f0-3a0e-1ada-3004e56ff852/827969428726.jpg/30x30bb.jpg,https://is5-ssl.mzstatic.com/image/thumb/Music125/v4/3d/9d/38/3d9d3811-71f0-3a0e-1ada-3004e56ff852/827969428726.jpg/60x60bb.jpg,https://is5-ssl.mzstatic.com/image/thumb/Music125/v4/3d/9d/38/3d9d3811-71f0-3a0e-1ada-3004e56ff852/827969428726.jpg/100x100bb.jpg,16.99,1.29,1987-08-31T07:00:00Z,notExplicit,notExplicit,2.0,2.0,17.0,8.0,258635,USA,USD,Pop,True,,,,,,,,,,,
4,track,song,32940.0,159292399.0,159294060,Michael Jackson,The Essential Michael Jackson,Beat It,The Essential Michael Jackson,Beat It (Single Version),https://music.apple.com/us/artist/michael-jackson/32940?uo=4,https://music.apple.com/us/album/beat-it-single-version/159292399?i=159294060&uo=4,https://music.apple.com/us/album/beat-it-single-version/159292399?i=159294060&uo=4,https://audio-ssl.itunes.apple.com/itunes-assets/AudioPreview122/v4/53/df/b7/53dfb78b-270d-731f-df1d-79ddc8d06b25/mzaf_24126853876427821.plus.aac.p.m4a,https://is5-ssl.mzstatic.com/image/thumb/Music125/v4/3d/9d/38/3d9d3811-71f0-3a0e-1ada-3004e56ff852/827969428726.jpg/30x30bb.jpg,https://is5-ssl.mzstatic.com/image/thumb/Music125/v4/3d/9d/38/3d9d3811-71f0-3a0e-1ada-3004e56ff852/827969428726.jpg/60x60bb.jpg,https://is5-ssl.mzstatic.com/image/thumb/Music125/v4/3d/9d/38/3d9d3811-71f0-3a0e-1ada-3004e56ff852/827969428726.jpg/100x100bb.jpg,16.99,1.29,1982-11-30T08:00:00Z,notExplicit,notExplicit,2.0,1.0,21.0,17.0,259085,USA,USD,Pop,True,,,,,,,,,,,
5,track,song,32940.0,159292399.0,159293312,Michael Jackson,The Essential Michael Jackson,Don't Stop 'Til You Get Enough,The Essential Michael Jackson,Don't Stop 'Til You Get Enough,https://music.apple.com/us/artist/michael-jackson/32940?uo=4,https://music.apple.com/us/album/dont-stop-til-you-get-enough/159292399?i=159293312&uo=4,https://music.apple.com/us/album/dont-stop-til-you-get-enough/159292399?i=159293312&uo=4,https://audio-ssl.itunes.apple.com/itunes-assets/AudioPreview112/v4/3a/28/af/3a28afcb-42be-624a-13e5-cfee35bc5615/mzaf_17942998418733275855.plus.aac.p.m4a,https://is5-ssl.mzstatic.com/image/thumb/Music125/v4/3d/9d/38/3d9d3811-71f0-3a0e-1ada-3004e56ff852/827969428726.jpg/30x30bb.jpg,https://is5-ssl.mzstatic.com/image/thumb/Music125/v4/3d/9d/38/3d9d3811-71f0-3a0e-1ada-3004e56ff852/827969428726.jpg/60x60bb.jpg,https://is5-ssl.mzstatic.com/image/thumb/Music125/v4/3d/9d/38/3d9d3811-71f0-3a0e-1ada-3004e56ff852/827969428726.jpg/100x100bb.jpg,16.99,1.29,1979-07-10T07:00:00Z,notExplicit,notExplicit,2.0,1.0,21.0,10.0,364834,USA,USD,Pop,True,,,,,,,,,,,
6,track,song,32940.0,159292399.0,159294429,Michael Jackson,The Essential Michael Jackson,The Way You Make Me Feel,The Essential Michael Jackson,The Way You Make Me Feel (Single Version),https://music.apple.com/us/artist/michael-jackson/32940?uo=4,https://music.apple.com/us/album/the-way-you-make-me-feel-single-version/159292399?i=159294429&uo=4,https://music.apple.com/us/album/the-way-you-make-me-feel-single-version/159292399?i=159294429&uo=4,https://audio-ssl.itunes.apple.com/itunes-assets/AudioPreview112/v4/f7/71/0d/f7710df1-6759-e4a9-88db-62d5e7377a8d/mzaf_333115880011959659.plus.aac.p.m4a,https://is5-ssl.mzstatic.com/image/thumb/Music125/v4/3d/9d/38/3d9d3811-71f0-3a0e-1ada-3004e56ff852/827969428726.jpg/30x30bb.jpg,https://is5-ssl.mzstatic.com/image/thumb/Music125/v4/3d/9d/38/3d9d3811-71f0-3a0e-1ada-3004e56ff852/827969428726.jpg/60x60bb.jpg,https://is5-ssl.mzstatic.com/image/thumb/Music125/v4/3d/9d/38/3d9d3811-71f0-3a0e-1ada-3004e56ff852/827969428726.jpg/100x100bb.jpg,16.99,1.29,1987-08-31T07:00:00Z,notExplicit,notExplicit,2.0,2.0,17.0,4.0,267151,USA,USD,Pop,True,,,,,,,,,,,
7,track,song,32940.0,159292399.0,159294296,Michael Jackson,The Essential Michael Jackson,P.Y.T. (Pretty Young Thing),The Essential Michael Jackson,P.Y.T. (Pretty Young Thing),https://music.apple.com/us/artist/michael-jackson/32940?uo=4,https://music.apple.com/us/album/p-y-t-pretty-young-thing/159292399?i=159294296&uo=4,https://music.apple.com/us/album/p-y-t-pretty-young-thing/159292399?i=159294296&uo=4,https://audio-ssl.itunes.apple.com/itunes-assets/AudioPreview112/v4/62/13/0d/62130dbe-5459-01dd-3fe0-3e7b7e7ac12c/mzaf_14007917100988484734.plus.aac.p.m4a,https://is5-ssl.mzstatic.com/image/thumb/Music125/v4/3d/9d/38/3d9d3811-71f0-3a0e-1ada-3004e56ff852/827969428726.jpg/30x30bb.jpg,https://is5-ssl.mzstatic.com/image/thumb/Music125/v4/3d/9d/38/3d9d3811-71f0-3a0e-1ada-3004e56ff852/827969428726.jpg/60x60bb.jpg,https://is5-ssl.mzstatic.com/image/thumb/Music125/v4/3d/9d/38/3d9d3811-71f0-3a0e-1ada-3004e56ff852/827969428726.jpg/100x100bb.jpg,16.99,1.29,1982-11-30T08:00:00Z,notExplicit,notExplicit,2.0,1.0,21.0,20.0,239763,USA,USD,Pop,True,,,,,,,,,,,
8,track,song,32940.0,159292399.0,159294814,Michael Jackson,The Essential Michael Jackson,Black or White,The Essential Michael Jackson,Black or White,https://music.apple.com/us/artist/michael-jackson/32940?uo=4,https://music.apple.com/us/album/black-or-white/159292399?i=159294814&uo=4,https://music.apple.com/us/album/black-or-white/159292399?i=159294814&uo=4,https://audio-ssl.itunes.apple.com/itunes-assets/AudioPreview112/v4/f9/10/eb/f910eb47-edde-448c-0bca-7669523b83fe/mzaf_137384632099147941.plus.aac.p.m4a,https://is5-ssl.mzstatic.com/image/thumb/Music125/v4/3d/9d/38/3d9d3811-71f0-3a0e-1ada-3004e56ff852/827969428726.jpg/30x30bb.jpg,https://is5-ssl.mzstatic.com/image/thumb/Music125/v4/3d/9d/38/3d9d3811-71f0-3a0e-1ada-3004e56ff852/827969428726.jpg/60x60bb.jpg,https://is5-ssl.mzstatic.com/image/thumb/Music125/v4/3d/9d/38/3d9d3811-71f0-3a0e-1ada-3004e56ff852/827969428726.jpg/100x100bb.jpg,16.99,1.29,1991-11-11T08:00:00Z,notExplicit,notExplicit,2.0,2.0,17.0,9.0,256562,USA,USD,Pop,True,,,,,,,,,,,
9,track,song,32940.0,159292399.0,159294345,Michael Jackson,The Essential Michael Jackson,Bad,The Essential Michael Jackson,Bad,https://music.apple.com/us/artist/michael-jackson/32940?uo=4,https://music.apple.com/us/album/bad/159292399?i=159294345&uo=4,https://music.apple.com/us/album/bad/159292399?i=159294345&uo=4,https://audio-ssl.itunes.apple.com/itunes-assets/AudioPreview122/v4/d3/7f/a3/d37fa37a-3d34-bc99-786b-c47ea0235d02/mzaf_13030358004508901115.plus.aac.p.m4a,https://is5-ssl.mzstatic.com/image/thumb/Music125/v4/3d/9d/38/3d9d3811-71f0-3a0e-1ada-3004e56ff852/827969428726.jpg/30x30bb.jpg,https://is5-ssl.mzstatic.com/image/thumb/Music125/v4/3d/9d/38/3d9d3811-71f0-3a0e-1ada-3004e56ff852/827969428726.jpg/60x60bb.jpg,https://is5-ssl.mzstatic.com/image/thumb/Music125/v4/3d/9d/38/3d9d3811-71f0-3a0e-1ada-3004e56ff852/827969428726.jpg/100x100bb.jpg,16.99,1.29,1987-08-31T07:00:00Z,notExplicit,notExplicit,2.0,2.0,17.0,1.0,246670,USA,USD,Pop,True,,,,,,,,,,,
10,track,song,32940.0,159292399.0,159293419,Michael Jackson,The Essential Michael Jackson,Rock With You,The Essential Michael Jackson,Rock With You (Single Version),https://music.apple.com/us/artist/michael-jackson/32940?uo=4,https://music.apple.com/us/album/rock-with-you-single-version/159292399?i=159293419&uo=4,https://music.apple.com/us/album/rock-with-you-single-version/159292399?i=159293419&uo=4,https://audio-ssl.itunes.apple.com/itunes-assets/AudioPreview112/v4/fa/75/5c/fa755cec-d37d-32e1-2f5b-95ed4b196af1/mzaf_784968037044920496.plus.aac.p.m4a,https://is5-ssl.mzstatic.com/image/thumb/Music125/v4/3d/9d/38/3d9d3811-71f0-3a0e-1ada-3004e56ff852/827969428726.jpg/30x30bb.jpg,https://is5-ssl.mzstatic.com/image/thumb/Music125/v4/3d/9d/38/3d9d3811-71f0-3a0e-1ada-3004e56ff852/827969428726.jpg/60x60bb.jpg,https://is5-ssl.mzstatic.com/image/thumb/Music125/v4/3d/9d/38/3d9d3811-71f0-3a0e-1ada-3004e56ff852/827969428726.jpg/100x100bb.jpg,16.99,1.29,1979-08-10T07:00:00Z,notExplicit,notExplicit,2.0,1.0,21.0,11.0,204194,USA,USD,Pop,True,,,,,,,,,,,
11,track,song,32940.0,159292399.0,159294485,Michael Jackson,The Essential Michael Jackson,Dirty Diana,The Essential Michael Jackson,Dirty Diana,https://music.apple.com/us/artist/michael-jackson/32940?uo=4,https://music.apple.com/us/album/dirty-diana/159292399?i=159294485&uo=4,https://music.apple.com/us/album/dirty-diana/159292399?i=159294485&uo=4,https://audio-ssl.itunes.apple.com/itunes-assets/AudioPreview122/v4/41/98/35/4198353a-ba46-2bc2-f5ce-d5316a3e1b2e/mzaf_707453884509876040.plus.aac.p.m4a,https://is5-ssl.mzstatic.com/image/thumb/Music125/v4/3d/9d/38/3d9d3811-71f0-3a0e-1ada-3004e56ff852/827969428726.jpg/30x30bb.jpg,https://is5-ssl.mzstatic.com/image/thumb/Music125/v4/3d/9d/38/3d9d3811-71f0-3a0e-1ada-3004e56ff852/827969428726.jpg/60x60bb.jpg,https://is5-ssl.mzstatic.com/image/thumb/Music125/v4/3d/9d/38/3d9d3811-71f0-3a0e-1ada-3004e56ff852/827969428726.jpg/100x100bb.jpg,16.99,1.29,1987-08-31T07:00:00Z,notExplicit,notExplicit,2.0,2.0,17.0,6.0,282596,USA,USD,Pop,True,,,,,,,,,,,
12,track,song,32940.0,159292399.0,159294254,Michael Jackson,The Essential Michael Jackson,Human Nature,The Essential Michael Jackson,Human Nature (Single Version),https://music.apple.com/us/artist/michael-jackson/32940?uo=4,https://music.apple.com/us/album/human-nature-single-version/159292399?i=159294254&uo=4,https://music.apple.com/us/album/human-nature-single-version/159292399?i=159294254&uo=4,https://audio-ssl.itunes.apple.com/itunes-assets/AudioPreview112/v4/5d/29/4a/5d294a9b-cf16-5d75-5d15-64abeb72ed26/mzaf_1487833623706589694.plus.aac.p.m4a,https://is5-ssl.mzstatic.com/image/thumb/Music125/v4/3d/9d/38/3d9d3811-71f0-3a0e-1ada-3004e56ff852/827969428726.jpg/30x30bb.jpg,https://is5-ssl.mzstatic.com/image/thumb/Music125/v4/3d/9d/38/3d9d3811-71f0-3a0e-1ada-3004e56ff852/827969428726.jpg/60x60bb.jpg,https://is5-ssl.mzstatic.com/image/thumb/Music125/v4/3d/9d/38/3d9d3811-71f0-3a0e-1ada-3004e56ff852/827969428726.jpg/100x100bb.jpg,16.99,1.29,1982-11-30T08:00:00Z,notExplicit,notExplicit,2.0,1.0,21.0,19.0,227245,USA,USD,Pop,True,,,,,,,,,,,
13,track,song,32940.0,159292399.0,159294123,Michael Jackson,The Essential Michael Jackson,Wanna Be Startin' Somethin',The Essential Michael Jackson,Wanna Be Startin' Somethin' (Single Version),https://music.apple.com/us/artist/michael-jackson/32940?uo=4,https://music.apple.com/us/album/wanna-be-startin-somethin-single-version/159292399?i=159294123&uo=4,https://music.apple.com/us/album/wanna-be-startin-somethin-single-version/159292399?i=159294123&uo=4,https://audio-ssl.itunes.apple.com/itunes-assets/AudioPreview112/v4/c2/76/ff/c276ffaa-ffaa-ec97-e753-31dab7b124ec/mzaf_12819456541834310391.plus.aac.p.m4a,https://is5-ssl.mzstatic.com/image/thumb/Music125/v4/3d/9d/38/3d9d3811-71f0-3a0e-1ada-3004e56ff852/827969428726.jpg/30x30bb.jpg,https://is5-ssl.mzstatic.com/image/thumb/Music125/v4/3d/9d/38/3d9d3811-71f0-3a0e-1ada-3004e56ff852/827969428726.jpg/60x60bb.jpg,https://is5-ssl.mzstatic.com/image/thumb/Music125/v4/3d/9d/38/3d9d3811-71f0-3a0e-1ada-3004e56ff852/827969428726.jpg/100x100bb.jpg,16.99,1.29,1983-05-08T07:00:00Z,notExplicit,notExplicit,2.0,1.0,21.0,18.0,260888,USA,USD,Pop,True,,,,,,,,,,,
14,track,feature-movie,,1312934169.0,957056432,Matthew Vaughn,Kingsman 2 Movie Collection,Kingsman: The Secret Service,Kingsman 2 Movie Collection,Kingsman: The Secret Service,,https://itunes.apple.com/us/movie/kingsman-the-secret-service/id957056432?uo=4,https://itunes.apple.com/us/movie/kingsman-the-secret-service/id957056432?uo=4,https://video-ssl.itunes.apple.com/itunes-assets/Video128/v4/80/3c/d2/803cd22e-6106-6405-7c58-b66474938b9a/mzvf_1749685159841077409.640x352.h264lc.U.p.m4v,https://is5-ssl.mzstatic.com/image/thumb/Video3/v4/f7/5b/b2/f75bb2dd-f38b-edf6-c726-6c5d31b6a29f/pr_source.lsr/30x30bb.jpg,https://is5-ssl.mzstatic.com/image/thumb/Video3/v4/f7/5b/b2/f75bb2dd-f38b-edf6-c726-6c5d31b6a29f/pr_source.lsr/60x60bb.jpg,https://is5-ssl.mzstatic.com/image/thumb/Video3/v4/f7/5b/b2/f75bb2dd-f38b-edf6-c726-6c5d31b6a29f/pr_source.lsr/100x100bb.jpg,14.99,14.99,2015-02-13T08:00:00Z,notExplicit,notExplicit,1.0,1.0,2.0,1.0,7749032,USA,USD,Action & Adventure,,345346894.0,https://itunes.apple.com/us/artist/20th-century-fox-film/345346894?uo=4,3.99,14.99,14.99,3.99,R,A super-secret organization recruits an unrefined but promising street kid into the agency's ultra-,"A super-secret organization recruits an unrefined but promising street kid into the agency's ultra-competitive training program just as a dire global threat emerges from a twisted tech genius. A phenomenal cast, including Colin Firth, Samuel L. Jackson and Michael Caine, lead this action-packed spy-thriller directed by Matthew Vaughn (X-Men: First Class).",True,
15,track,song,32940.0,159292399.0,159295880,Michael Jackson,The Essential Michael Jackson,You Are Not Alone,The Essential Michael Jackson,You Are Not Alone (Single Version),https://music.apple.com/us/artist/michael-jackson/32940?uo=4,https://music.apple.com/us/album/you-are-not-alone-single-version/159292399?i=159295880&uo=4,https://music.apple.com/us/album/you-are-not-alone-single-version/159292399?i=159295880&uo=4,https://audio-ssl.itunes.apple.com/itunes-assets/AudioPreview112/v4/e0/1d/63/e01d631f-3aab-46f0-2710-f9b1558f6e77/mzaf_12562350444357512048.plus.aac.p.m4a,https://is5-ssl.mzstatic.com/image/thumb/Music125/v4/3d/9d/38/3d9d3811-71f0-3a0e-1ada-3004e56ff852/827969428726.jpg/30x30bb.jpg,https://is5-ssl.mzstatic.com/image/thumb/Music125/v4/3d/9d/38/3d9d3811-71f0-3a0e-1ada-3004e56ff852/827969428726.jpg/60x60bb.jpg,https://is5-ssl.mzstatic.com/image/thumb/Music125/v4/3d/9d/38/3d9d3811-71f0-3a0e-1ada-3004e56ff852/827969428726.jpg/100x100bb.jpg,16.99,1.29,1995-08-15T07:00:00Z,notExplicit,notExplicit,2.0,2.0,17.0,16.0,295354,USA,USD,Pop,True,,,,,,,,,,,
16,track,song,32940.0,159292399.0,159295684,Michael Jackson,The Essential Michael Jackson,Will You Be There,The Essential Michael Jackson,Will You Be There (Single Version),https://music.apple.com/us/artist/michael-jackson/32940?uo=4,https://music.apple.com/us/album/will-you-be-there-single-version/159292399?i=159295684&uo=4,https://music.apple.com/us/album/will-you-be-there-single-version/159292399?i=159295684&uo=4,https://audio-ssl.itunes.apple.com/itunes-assets/AudioPreview112/v4/41/8e/17/418e170a-e840-4d62-a52b-bf7287793428/mzaf_12616723916874337623.plus.aac.p.m4a,https://is5-ssl.mzstatic.com/image/thumb/Music125/v4/3d/9d/38/3d9d3811-71f0-3a0e-1ada-3004e56ff852/827969428726.jpg/30x30bb.jpg,https://is5-ssl.mzstatic.com/image/thumb/Music125/v4/3d/9d/38/3d9d3811-71f0-3a0e-1ada-3004e56ff852/827969428726.jpg/60x60bb.jpg,https://is5-ssl.mzstatic.com/image/thumb/Music125/v4/3d/9d/38/3d9d3811-71f0-3a0e-1ada-3004e56ff852/827969428726.jpg/100x100bb.jpg,16.99,1.29,1993-06-28T07:00:00Z,notExplicit,notExplicit,2.0,2.0,17.0,14.0,224015,USA,USD,Pop,True,,,,,,,,,,,
17,track,song,32940.0,159292399.0,159295548,Michael Jackson,The Essential Michael Jackson,Remember the Time,The Essential Michael Jackson,Remember the Time,https://music.apple.com/us/artist/michael-jackson/32940?uo=4,https://music.apple.com/us/album/remember-the-time/159292399?i=159295548&uo=4,https://music.apple.com/us/album/remember-the-time/159292399?i=159295548&uo=4,https://audio-ssl.itunes.apple.com/itunes-assets/AudioPreview122/v4/87/aa/29/87aa2918-c3dd-dc59-82c7-868ba12dc11f/mzaf_18021770857534065286.plus.aac.p.m4a,https://is5-ssl.mzstatic.com/image/thumb/Music125/v4/3d/9d/38/3d9d3811-71f0-3a0e-1ada-3004e56ff852/827969428726.jpg/30x30bb.jpg,https://is5-ssl.mzstatic.com/image/thumb/Music125/v4/3d/9d/38/3d9d3811-71f0-3a0e-1ada-3004e56ff852/827969428726.jpg/60x60bb.jpg,https://is5-ssl.mzstatic.com/image/thumb/Music125/v4/3d/9d/38/3d9d3811-71f0-3a0e-1ada-3004e56ff852/827969428726.jpg/100x100bb.jpg,16.99,1.29,1991-11-26T08:00:00Z,notExplicit,notExplicit,2.0,2.0,17.0,11.0,240745,USA,USD,Pop,True,,,,,,,,,,,
18,track,feature-movie,,1636558251.0,452283395,Steven Spielberg,Jurassic World Ultimate Collection (1-6),Jurassic Park,Jurassic World Ultimate Collection (1-6),Jurassic Park,,https://itunes.apple.com/us/movie/jurassic-park/id452283395?uo=4,https://itunes.apple.com/us/movie/jurassic-park/id452283395?uo=4,https://video-ssl.itunes.apple.com/itunes-assets/Video128/v4/9c/53/14/9c5314c8-f40a-8ad5-af0b-6c8501858564/mzvf_7914532583128451539.640x342.h264lc.U.p.m4v,https://is5-ssl.mzstatic.com/image/thumb/Video124/v4/9b/4c/15/9b4c1561-5ed2-aa67-96d2-f706598a16a8/pr_source.jpg/30x30bb.jpg,https://is5-ssl.mzstatic.com/image/thumb/Video124/v4/9b/4c/15/9b4c1561-5ed2-aa67-96d2-f706598a16a8/pr_source.jpg/60x60bb.jpg,https://is5-ssl.mzstatic.com/image/thumb/Video124/v4/9b/4c/15/9b4c1561-5ed2-aa67-96d2-f706598a16a8/pr_source.jpg/100x100bb.jpg,59.99,14.99,1993-06-11T07:00:00Z,notExplicit,notExplicit,,,6.0,1.0,7588287,USA,USD,Action & Adventure,,345353262.0,https://itunes.apple.com/us/artist/universal-studios-home-entertainment/345353262?uo=4,3.99,59.99,14.99,3.99,PG-13,,"Director Steven Spielberg's Jurassic Park masterpiece is one of the most successful films in worldwide box office history and remains a compelling and spectacular experience. This thrilling adventure features Sam Neill, Laura Dern, Jeff Goldblum and Richard Attenborough. Featuring incredible special effects and action-packed drama, Jurassic Park takes you to a remote island where an amazing theme park with living dinosaurs is about to turn deadly, as five people must battle to survive among the prehistoric predators.",True,
19,track,song,546590.0,159292399.0,159293270,The Jacksons,The Essential Michael Jackson,Shake Your Body (Down to the Ground),The Essential Michael Jackson,Shake Your Body (Down to the Ground) [Single Version],https://music.apple.com/us/artist/the-jacksons/546590?uo=4,https://music.apple.com/us/album/shake-your-body-down-to-the-ground-single-version/159292399?i=159293270&uo=4,https://music.apple.com/us/album/shake-your-body-down-to-the-ground-single-version/159292399?i=159293270&uo=4,https://audio-ssl.itunes.apple.com/itunes-assets/AudioPreview112/v4/3a/b9/47/3ab947a9-848d-ffc8-6b81-cd2d40750bce/mzaf_10218508159349784499.plus.aac.p.m4a,https://is5-ssl.mzstatic.com/image/thumb/Music125/v4/3d/9d/38/3d9d3811-71f0-3a0e-1ada-3004e56ff852/827969428726.jpg/30x30bb.jpg,https://is5-ssl.mzstatic.com/image/thumb/Music125/v4/3d/9d/38/3d9d3811-71f0-3a0e-1ada-3004e56ff852/827969428726.jpg/60x60bb.jpg,https://is5-ssl.mzstatic.com/image/thumb/Music125/v4/3d/9d/38/3d9d3811-71f0-3a0e-1ada-3004e56ff852/827969428726.jpg/100x100bb.jpg,16.99,1.29,1978-12-08T08:00:00Z,notExplicit,notExplicit,2.0,1.0,21.0,9.0,226113,USA,USD,Pop,True,32940.0,https://music.apple.com/us/artist/michael-jackson/32940?uo=4,,,,,,,,,Michael Jackson
20,track,song,32940.0,159292399.0,159295942,Michael Jackson,The Essential Michael Jackson,You Rock My World,The Essential Michael Jackson,You Rock My World,https://music.apple.com/us/artist/michael-jackson/32940?uo=4,https://music.apple.com/us/album/you-rock-my-world/159292399?i=159295942&uo=4,https://music.apple.com/us/album/you-rock-my-world/159292399?i=159295942&uo=4,https://audio-ssl.itunes.apple.com/itunes-assets/AudioPreview122/v4/da/aa/99/daaa997e-b4e6-ba34-4768-0dedb5328920/mzaf_9652671719974964500.plus.aac.p.m4a,https://is5-ssl.mzstatic.com/image/thumb/Music125/v4/3d/9d/38/3d9d3811-71f0-3a0e-1ada-3004e56ff852/827969428726.jpg/30x30bb.jpg,https://is5-ssl.mzstatic.com/image/thumb/Music125/v4/3d/9d/38/3d9d3811-71f0-3a0e-1ada-3004e56ff852/827969428726.jpg/60x60bb.jpg,https://is5-ssl.mzstatic.com/image/thumb/Music125/v4/3d/9d/38/3d9d3811-71f0-3a0e-1ada-3004e56ff852/827969428726.jpg/100x100bb.jpg,16.99,1.29,2001-08-22T07:00:00Z,notExplicit,notExplicit,2.0,2.0,17.0,17.0,307072,USA,USD,Pop,True,,,,,,,,,,,
21,track,song,32940.0,159292399.0,159295278,Michael Jackson,The Essential Michael Jackson,Heal the World,The Essential Michael Jackson,Heal the World,https://music.apple.com/us/artist/michael-jackson/32940?uo=4,https://music.apple.com/us/album/heal-the-world/159292399?i=159295278&uo=4,https://music.apple.com/us/album/heal-the-world/159292399?i=159295278&uo=4,https://audio-ssl.itunes.apple.com/itunes-assets/AudioPreview112/v4/ad/ae/68/adae681e-8cf5-433a-3bcb-6d7c77bb201a/mzaf_6532475142928018198.plus.aac.p.m4a,https://is5-ssl.mzstatic.com/image/thumb/Music125/v4/3d/9d/38/3d9d3811-71f0-3a0e-1ada-3004e56ff852/827969428726.jpg/30x30bb.jpg,https://is5-ssl.mzstatic.com/image/thumb/Music125/v4/3d/9d/38/3d9d3811-71f0-3a0e-1ada-3004e56ff852/827969428726.jpg/60x60bb.jpg,https://is5-ssl.mzstatic.com/image/thumb/Music125/v4/3d/9d/38/3d9d3811-71f0-3a0e-1ada-3004e56ff852/827969428726.jpg/100x100bb.jpg,16.99,1.29,1991-11-26T08:00:00Z,notExplicit,notExplicit,2.0,2.0,17.0,10.0,385713,USA,USD,Pop,True,,,,,,,,,,,
22,track,song,32940.0,159292399.0,159293470,Michael Jackson,The Essential Michael Jackson,Off the Wall,The Essential Michael Jackson,Off the Wall (Single Version),https://music.apple.com/us/artist/michael-jackson/32940?uo=4,https://music.apple.com/us/album/off-the-wall-single-version/159292399?i=159293470&uo=4,https://music.apple.com/us/album/off-the-wall-single-version/159292399?i=159293470&uo=4,https://audio-ssl.itunes.apple.com/itunes-assets/AudioPreview122/v4/ca/00/4c/ca004cb7-828a-5737-b210-b11b796384a4/mzaf_3218203170630769010.plus.aac.p.m4a,https://is5-ssl.mzstatic.com/image/thumb/Music125/v4/3d/9d/38/3d9d3811-71f0-3a0e-1ada-3004e56ff852/827969428726.jpg/30x30bb.jpg,https://is5-ssl.mzstatic.com/image/thumb/Music125/v4/3d/9d/38/3d9d3811-71f0-3a0e-1ada-3004e56ff852/827969428726.jpg/60x60bb.jpg,https://is5-ssl.mzstatic.com/image/thumb/Music125/v4/3d/9d/38/3d9d3811-71f0-3a0e-1ada-3004e56ff852/827969428726.jpg/100x100bb.jpg,16.99,1.29,1979-08-10T07:00:00Z,notExplicit,notExplicit,2.0,1.0,21.0,12.0,226803,USA,USD,Pop,True,,,,,,,,,,,
23,track,feature-movie,,1418209167.0,983441161,Joss Whedon,Avengers 3-Movie Collection,Avengers: Age of Ultron,Avengers 3-Movie Collection,Avengers: Age of Ultron,,https://itunes.apple.com/us/movie/avengers-age-of-ultron/id983441161?uo=4,https://itunes.apple.com/us/movie/avengers-age-of-ultron/id983441161?uo=4,https://video-ssl.itunes.apple.com/itunes-assets/Video111/v4/6d/e7/ec/6de7ec0f-1c25-6fc6-5d16-428df7294570/mzvf_5389988180012402339.640x352.h264lc.U.p.m4v,https://is2-ssl.mzstatic.com/image/thumb/Video128/v4/8b/e2/b4/8be2b4e0-a5b6-101f-2f7c-5ee8059f6bec/contsched.vgywqltn.lsr/30x30bb.jpg,https://is2-ssl.mzstatic.com/image/thumb/Video128/v4/8b/e2/b4/8be2b4e0-a5b6-101f-2f7c-5ee8059f6bec/contsched.vgywqltn.lsr/60x60bb.jpg,https://is2-ssl.mzstatic.com/image/thumb/Video128/v4/8b/e2/b4/8be2b4e0-a5b6-101f-2f7c-5ee8059f6bec/contsched.vgywqltn.lsr/100x100bb.jpg,19.99,19.99,2015-05-01T07:00:00Z,notExplicit,notExplicit,1.0,1.0,3.0,2.0,8519383,USA,USD,Action & Adventure,,410641764.0,https://itunes.apple.com/us/artist/buena-vista-home-entertainment-inc/410641764?uo=4,3.99,19.99,19.99,3.99,PG-13,"Marvel Studios presents “Avengers: Age of Ultron,” the epic follow-up to the biggest Super Hero","Marvel Studios presents “Avengers: Age of Ultron,” the epic follow-up to the biggest Super Hero movie of all time. When Tony Stark tries to jumpstart a dormant peacekeeping program, things go awry and Earth’s Mightiest Heroes, including Iron Man, Captain America, Thor, The Incredible Hulk, Black Widow and Hawkeye, are put to the ultimate test as the fate of the planet hangs in the balance. As the villainous Ultron emerges, it is up to The Avengers to stop him from enacting his terrible plans, and soon uneasy alliances and unexpected action pave the way for an epic and unique global adventure.",True,
24,track,song,546590.0,159292399.0,159293217,The Jacksons,The Essential Michael Jackson,Blame It On the Boogie,The Essential Michael Jackson,Blame It On the Boogie,https://music.apple.com/us/artist/the-jacksons/546590?uo=4,https://music.apple.com/us/album/blame-it-on-the-boogie/159292399?i=159293217&uo=4,https://music.apple.com/us/album/blame-it-on-the-boogie/159292399?i=159293217&uo=4,https://audio-ssl.itunes.apple.com/itunes-assets/AudioPreview122/v4/f1/3f/58/f13f58ae-ec93-8b0f-83d4-f8fd7fc9a45a/mzaf_2110383398913613097.plus.aac.p.m4a,https://is5-ssl.mzstatic.com/image/thumb/Music125/v4/3d/9d/38/3d9d3811-71f0-3a0e-1ada-3004e56ff852/827969428726.jpg/30x30bb.jpg,https://is5-ssl.mzstatic.com/image/thumb/Music125/v4/3d/9d/38/3d9d3811-71f0-3a0e-1ada-3004e56ff852/827969428726.jpg/60x60bb.jpg,https://is5-ssl.mzstatic.com/image/thumb/Music125/v4/3d/9d/38/3d9d3811-71f0-3a0e-1ada-3004e56ff852/827969428726.jpg/100x100bb.jpg,16.99,1.29,1978-08-23T07:00:00Z,notExplicit,notExplicit,2.0,1.0,21.0,8.0,215031,USA,USD,Pop,True,32940.0,https://music.apple.com/us/artist/michael-jackson/32940?uo=4,,,,,,,,,Michael Jackson
25,track,feature-movie,,585551156.0,389745411,Adam McKay,Step Brothers / The Other Guys,The Other Guys,Step Brothers / The Other Guys,The Other Guys,,https://itunes.apple.com/us/movie/the-other-guys/id389745411?uo=4,https://itunes.apple.com/us/movie/the-other-guys/id389745411?uo=4,https://video-ssl.itunes.apple.com/itunes-assets/Video127/v4/bc/6a/c3/bc6ac343-8a68-88d1-ea85-494fe19d1cea/mzvf_5022880790523730351.640x404.h264lc.U.p.m4v,https://is2-ssl.mzstatic.com/image/thumb/Video2/v4/0d/8f/88/0d8f8872-c7e6-db12-3a16-ed3caadd08ec/pr_source.lsr/30x30bb.jpg,https://is2-ssl.mzstatic.com/image/thumb/Video2/v4/0d/8f/88/0d8f8872-c7e6-db12-3a16-ed3caadd08ec/pr_source.lsr/60x60bb.jpg,https://is2-ssl.mzstatic.com/image/thumb/Video2/v4/0d/8f/88/0d8f8872-c7e6-db12-3a16-ed3caadd08ec/pr_source.lsr/100x100bb.jpg,19.98,6.99,2010-08-06T07:00:00Z,notExplicit,notExplicit,1.0,1.0,2.0,2.0,6448543,USA,USD,Action & Adventure,,345346702.0,https://itunes.apple.com/us/artist/sony-pictures-entertainment/345346702?uo=4,3.99,21.98,6.99,3.99,PG-13,,"NYPD Detectives Christopher Danson and P.K. Highsmith (Dwayne Johnson and Samuel L. Jackson) are the baddest and most beloved cops in New York City. They don't get tattoos – other men get tattoos of them. Two desks over and one back, sit Detectives Allen Gamble (Will Ferrell) and Terry Hoitz (Mark Wahlberg). You've seen them in the background of photos of Danson and Highsmith, out of focus and eyes closed. They're not heroes – they're ""the Other Guys. ""But every cop has his or her day and soon Gamble and Hoitz stumble into a seemingly innocuous case no other detective wants to touch that could turn into New York City's biggest crime. It's the opportunity of their lives, but do these guys have the right stuff? Columbia Pictures' ensemble action comedy The Other Guys stars Will Ferrell, Mark Wahlberg, Eva Mendes, Michael Keaton, Steve Coogan, Ray Stevenson, with Samuel L. Jackson and Dwayne Johnson. Directed by Adam McKay and written by Adam McKay & Chris Henchy, the producers are Will Ferrell, Adam McKay, Jimmy Miller, and Patrick Crowley.",True,
26,track,song,32940.0,159292399.0,159293734,Michael Jackson,The Essential Michael Jackson,The Girl Is Mine,The Essential Michael Jackson,The Girl Is Mine,https://music.apple.com/us/artist/michael-jackson/32940?uo=4,https://music.apple.com/us/album/the-girl-is-mine/159292399?i=159293734&uo=4,https://music.apple.com/us/album/the-girl-is-mine/159292399?i=159293734&uo=4,https://audio-ssl.itunes.apple.com/itunes-assets/AudioPreview112/v4/fb/36/2e/fb362ee4-0830-ac20-ece5-9dbe71c21fd1/mzaf_6272694586558051182.plus.aac.p.m4a,https://is5-ssl.mzstatic.com/image/thumb/Music125/v4/3d/9d/38/3d9d3811-71f0-3a0e-1ada-3004e56ff852/827969428726.jpg/30x30bb.jpg,https://is5-ssl.mzstatic.com/image/thumb/Music125/v4/3d/9d/38/3d9d3811-71f0-3a0e-1ada-3004e56ff852/827969428726.jpg/60x60bb.jpg,https://is5-ssl.mzstatic.com/image/thumb/Music125/v4/3d/9d/38/3d9d3811-71f0-3a0e-1ada-3004e56ff852/827969428726.jpg/100x100bb.jpg,16.99,1.29,1982-10-18T07:00:00Z,notExplicit,notExplicit,2.0,1.0,21.0,15.0,222737,USA,USD,Pop,True,,,,,,,,,,,
27,track,song,32940.0,159292399.0,159294407,Michael Jackson,The Essential Michael Jackson,Leave Me Alone,The Essential Michael Jackson,Leave Me Alone,https://music.apple.com/us/artist/michael-jackson/32940?uo=4,https://music.apple.com/us/album/leave-me-alone/159292399?i=159294407&uo=4,https://music.apple.com/us/album/leave-me-alone/159292399?i=159294407&uo=4,https://audio-ssl.itunes.apple.com/itunes-assets/AudioPreview122/v4/2f/8d/66/2f8d66e0-fddf-7b28-4c54-923673c913bd/mzaf_5206366903552683302.plus.aac.p.m4a,https://is5-ssl.mzstatic.com/image/thumb/Music125/v4/3d/9d/38/3d9d3811-71f0-3a0e-1ada-3004e56ff852/827969428726.jpg/30x30bb.jpg,https://is5-ssl.mzstatic.com/image/thumb/Music125/v4/3d/9d/38/3d9d3811-71f0-3a0e-1ada-3004e56ff852/827969428726.jpg/60x60bb.jpg,https://is5-ssl.mzstatic.com/image/thumb/Music125/v4/3d/9d/38/3d9d3811-71f0-3a0e-1ada-3004e56ff852/827969428726.jpg/100x100bb.jpg,16.99,1.29,1987-08-31T07:00:00Z,notExplicit,notExplicit,2.0,2.0,17.0,3.0,281415,USA,USD,Pop,True,,,,,,,,,,,
28,track,song,32940.0,159292399.0,159294386,Michael Jackson,The Essential Michael Jackson,I Just Can't Stop Loving You,The Essential Michael Jackson,I Just Can't Stop Loving You,https://music.apple.com/us/artist/michael-jackson/32940?uo=4,https://music.apple.com/us/album/i-just-cant-stop-loving-you/159292399?i=159294386&uo=4,https://music.apple.com/us/album/i-just-cant-stop-loving-you/159292399?i=159294386&uo=4,https://audio-ssl.itunes.apple.com/itunes-assets/AudioPreview122/v4/1d/e2/23/1de223e3-ed94-007e-6519-4b7d88f9beb4/mzaf_15854813974339428738.plus.aac.p.m4a,https://is5-ssl.mzstatic.com/image/thumb/Music125/v4/3d/9d/38/3d9d3811-71f0-3a0e-1ada-3004e56ff852/827969428726.jpg/30x30bb.jpg,https://is5-ssl.mzstatic.com/image/thumb/Music125/v4/3d/9d/38/3d9d3811-71f0-3a0e-1ada-3004e56ff852/827969428726.jpg/60x60bb.jpg,https://is5-ssl.mzstatic.com/image/thumb/Music125/v4/3d/9d/38/3d9d3811-71f0-3a0e-1ada-3004e56ff852/827969428726.jpg/100x100bb.jpg,16.99,1.29,1987-07-20T07:00:00Z,notExplicit,notExplicit,2.0,2.0,17.0,2.0,252804,USA,USD,Pop,True,,,,,,,,,,,
29,track,song,546590.0,159292399.0,159293569,The Jacksons,The Essential Michael Jackson,Can You Feel It,The Essential Michael Jackson,Can You Feel It (Single Version),https://music.apple.com/us/artist/the-jacksons/546590?uo=4,https://music.apple.com/us/album/can-you-feel-it-single-version/159292399?i=159293569&uo=4,https://music.apple.com/us/album/can-you-feel-it-single-version/159292399?i=159293569&uo=4,https://audio-ssl.itunes.apple.com/itunes-assets/AudioPreview112/v4/26/c9/37/26c937b2-ceb6-84bb-9c51-ddb67d479a32/mzaf_4320018197007915712.plus.aac.p.m4a,https://is5-ssl.mzstatic.com/image/thumb/Music125/v4/3d/9d/38/3d9d3811-71f0-3a0e-1ada-3004e56ff852/827969428726.jpg/30x30bb.jpg,https://is5-ssl.mzstatic.com/image/thumb/Music125/v4/3d/9d/38/3d9d3811-71f0-3a0e-1ada-3004e56ff852/827969428726.jpg/60x60bb.jpg,https://is5-ssl.mzstatic.com/image/thumb/Music125/v4/3d/9d/38/3d9d3811-71f0-3a0e-1ada-3004e56ff852/827969428726.jpg/100x100bb.jpg,16.99,1.29,1981-03-05T08:00:00Z,notExplicit,notExplicit,2.0,1.0,21.0,14.0,231178,USA,USD,Pop,True,32940.0,https://music.apple.com/us/artist/michael-jackson/32940?uo=4,,,,,,,,,Michael Jackson
30,track,song,32940.0,159292399.0,159293508,Michael Jackson,The Essential Michael Jackson,She's Out of My Life,The Essential Michael Jackson,She's Out of My Life (Single Version),https://music.apple.com/us/artist/michael-jackson/32940?uo=4,https://music.apple.com/us/album/shes-out-of-my-life-single-version/159292399?i=159293508&uo=4,https://music.apple.com/us/album/shes-out-of-my-life-single-version/159292399?i=159293508&uo=4,https://audio-ssl.itunes.apple.com/itunes-assets/AudioPreview112/v4/07/66/af/0766afed-2aa4-8547-432e-d103f209f5fa/mzaf_16112872063767656417.plus.aac.p.m4a,https://is5-ssl.mzstatic.com/image/thumb/Music125/v4/3d/9d/38/3d9d3811-71f0-3a0e-1ada-3004e56ff852/827969428726.jpg/30x30bb.jpg,https://is5-ssl.mzstatic.com/image/thumb/Music125/v4/3d/9d/38/3d9d3811-71f0-3a0e-1ada-3004e56ff852/827969428726.jpg/60x60bb.jpg,https://is5-ssl.mzstatic.com/image/thumb/Music125/v4/3d/9d/38/3d9d3811-71f0-3a0e-1ada-3004e56ff852/827969428726.jpg/100x100bb.jpg,16.99,1.29,1979-08-10T07:00:00Z,notExplicit,notExplicit,2.0,1.0,21.0,13.0,218708,USA,USD,Pop,True,,,,,,,,,,,
31,track,song,32940.0,159292399.0,159295575,Michael Jackson,The Essential Michael Jackson,In the Closet,The Essential Michael Jackson,In the Closet (Single Version),https://music.apple.com/us/artist/michael-jackson/32940?uo=4,https://music.apple.com/us/album/in-the-closet-single-version/159292399?i=159295575&uo=4,https://music.apple.com/us/album/in-the-closet-single-version/159292399?i=159295575&uo=4,https://audio-ssl.itunes.apple.com/itunes-assets/AudioPreview112/v4/71/0b/ce/710bce59-f1a6-a06c-4d28-d4055e674870/mzaf_14615073307162522309.plus.aac.p.m4a,https://is5-ssl.mzstatic.com/image/thumb/Music125/v4/3d/9d/38/3d9d3811-71f0-3a0e-1ada-3004e56ff852/827969428726.jpg/30x30bb.jpg,https://is5-ssl.mzstatic.com/image/thumb/Music125/v4/3d/9d/38/3d9d3811-71f0-3a0e-1ada-3004e56ff852/827969428726.jpg/60x60bb.jpg,https://is5-ssl.mzstatic.com/image/thumb/Music125/v4/3d/9d/38/3d9d3811-71f0-3a0e-1ada-3004e56ff852/827969428726.jpg/100x100bb.jpg,16.99,1.29,1992-04-09T07:00:00Z,notExplicit,notExplicit,2.0,2.0,17.0,12.0,288280,USA,USD,Pop,True,,,,,,,,,,,
32,track,song,32940.0,159292399.0,159295746,Michael Jackson,The Essential Michael Jackson,Dangerous,The Essential Michael Jackson,Dangerous,https://music.apple.com/us/artist/michael-jackson/32940?uo=4,https://music.apple.com/us/album/dangerous/159292399?i=159295746&uo=4,https://music.apple.com/us/album/dangerous/159292399?i=159295746&uo=4,https://audio-ssl.itunes.apple.com/itunes-assets/AudioPreview122/v4/83/44/bc/8344bc60-c729-8d73-e00a-7ae04be8cde4/mzaf_15219940702893141182.plus.aac.p.m4a,https://is5-ssl.mzstatic.com/image/thumb/Music125/v4/3d/9d/38/3d9d3811-71f0-3a0e-1ada-3004e56ff852/827969428726.jpg/30x30bb.jpg,https://is5-ssl.mzstatic.com/image/thumb/Music125/v4/3d/9d/38/3d9d3811-71f0-3a0e-1ada-3004e56ff852/827969428726.jpg/60x60bb.jpg,https://is5-ssl.mzstatic.com/image/thumb/Music125/v4/3d/9d/38/3d9d3811-71f0-3a0e-1ada-3004e56ff852/827969428726.jpg/100x100bb.jpg,16.99,1.29,1991-11-26T08:00:00Z,notExplicit,notExplicit,2.0,2.0,17.0,15.0,419909,USA,USD,Pop,True,,,,,,,,,,,
33,track,song,32940.0,159292399.0,159294541,Michael Jackson,The Essential Michael Jackson,Another Part of Me,The Essential Michael Jackson,Another Part of Me (Single Version),https://music.apple.com/us/artist/michael-jackson/32940?uo=4,https://music.apple.com/us/album/another-part-of-me-single-version/159292399?i=159294541&uo=4,https://music.apple.com/us/album/another-part-of-me-single-version/159292399?i=159294541&uo=4,https://audio-ssl.itunes.apple.com/itunes-assets/AudioPreview112/v4/a4/b3/96/a4b3961a-1373-51e8-fea1-a391ab841136/mzaf_13124962062832561516.plus.aac.p.m4a,https://is5-ssl.mzstatic.com/image/thumb/Music125/v4/3d/9d/38/3d9d3811-71f0-3a0e-1ada-3004e56ff852/827969428726.jpg/30x30bb.jpg,https://is5-ssl.mzstatic.com/image/thumb/Music125/v4/3d/9d/38/3d9d3811-71f0-3a0e-1ada-3004e56ff852/827969428726.jpg/60x60bb.jpg,https://is5-ssl.mzstatic.com/image/thumb/Music125/v4/3d/9d/38/3d9d3811-71f0-3a0e-1ada-3004e56ff852/827969428726.jpg/100x100bb.jpg,16.99,1.29,1987-08-31T07:00:00Z,notExplicit,notExplicit,2.0,2.0,17.0,7.0,226586,USA,USD,Pop,True,,,,,,,,,,,
34,track,feature-movie,,1439862204.0,1392900449,Brad Bird,Incredibles 2 Movie Collection,Incredibles 2,Incredibles 2 Movie Collection,Incredibles 2,,https://itunes.apple.com/us/movie/incredibles-2/id1392900449?uo=4,https://itunes.apple.com/us/movie/incredibles-2/id1392900449?uo=4,https://video-ssl.itunes.apple.com/itunes-assets/Video115/v4/7e/18/46/7e1846eb-e902-679f-2e64-f420c43e51c8/mzvf_127000371721755525.640x356.h264lc.U.p.m4v,https://is2-ssl.mzstatic.com/image/thumb/Video113/v4/08/77/ba/0877ba2c-9a63-3835-9f03-cd6918178a0f/pr_source.lsr/30x30bb.jpg,https://is2-ssl.mzstatic.com/image/thumb/Video113/v4/08/77/ba/0877ba2c-9a63-3835-9f03-cd6918178a0f/pr_source.lsr/60x60bb.jpg,https://is2-ssl.mzstatic.com/image/thumb/Video113/v4/08/77/ba/0877ba2c-9a63-3835-9f03-cd6918178a0f/pr_source.lsr/100x100bb.jpg,19.99,19.99,2018-06-15T07:00:00Z,notExplicit,notExplicit,1.0,1.0,2.0,2.0,7069183,USA,USD,Action & Adventure,,410641764.0,https://itunes.apple.com/us/artist/buena-vista-home-entertainment-inc/410641764?uo=4,3.99,19.99,19.99,3.99,PG,"In Incredibles 2, Helen is called on to lead a campaign to bring Supers back, while Bob navigates","In Incredibles 2, Helen is called on to lead a campaign to bring Supers back, while Bob navigates the day-to-day heroics of “normal” life at home with Violet, Dash and baby Jack-Jack – whose superpowers are about to be discovered. Their mission is derailed, however, when a new villain emerges with a brilliant and dangerous plot that threatens everything. But the Parrs don’t shy away from a challenge, especially with Frozone by their side. That’s what makes this family so Incredible.",True,
35,track,song,32940.0,159292399.0,159295611,Michael Jackson,The Essential Michael Jackson,Who Is It,The Essential Michael Jackson,"Who Is It (7"" Edit)",https://music.apple.com/us/artist/michael-jackson/32940?uo=4,https://music.apple.com/us/album/who-is-it-7-edit/159292399?i=159295611&uo=4,https://music.apple.com/us/album/who-is-it-7-edit/159292399?i=159295611&uo=4,https://audio-ssl.itunes.apple.com/itunes-assets/AudioPreview122/v4/4c/b8/69/4cb86968-2dac-2638-1115-4cdda009eee6/mzaf_8115465205514108468.plus.aac.p.m4a,https://is5-ssl.mzstatic.com/image/thumb/Music125/v4/3d/9d/38/3d9d3811-71f0-3a0e-1ada-3004e56ff852/827969428726.jpg/30x30bb.jpg,https://is5-ssl.mzstatic.com/image/thumb/Music125/v4/3d/9d/38/3d9d3811-71f0-3a0e-1ada-3004e56ff852/827969428726.jpg/60x60bb.jpg,https://is5-ssl.mzstatic.com/image/thumb/Music125/v4/3d/9d/38/3d9d3811-71f0-3a0e-1ada-3004e56ff852/827969428726.jpg/100x100bb.jpg,16.99,1.29,1992-08-31T07:00:00Z,notExplicit,notExplicit,2.0,2.0,17.0,13.0,239950,USA,USD,Pop,True,,,,,,,,,,,
36,track,song,546590.0,159292399.0,159293132,The Jacksons,The Essential Michael Jackson,Enjoy Yourself,The Essential Michael Jackson,Enjoy Yourself,https://music.apple.com/us/artist/the-jacksons/546590?uo=4,https://music.apple.com/us/album/enjoy-yourself/159292399?i=159293132&uo=4,https://music.apple.com/us/album/enjoy-yourself/159292399?i=159293132&uo=4,https://audio-ssl.itunes.apple.com/itunes-assets/AudioPreview122/v4/fc/25/b9/fc25b938-0061-c5a1-2a6b-44eb2b50e7eb/mzaf_10650401150735026552.plus.aac.p.m4a,https://is5-ssl.mzstatic.com/image/thumb/Music125/v4/3d/9d/38/3d9d3811-71f0-3a0e-1ada-3004e56ff852/827969428726.jpg/30x30bb.jpg,https://is5-ssl.mzstatic.com/image/thumb/Music125/v4/3d/9d/38/3d9d3811-71f0-3a0e-1ada-3004e56ff852/827969428726.jpg/60x60bb.jpg,https://is5-ssl.mzstatic.com/image/thumb/Music125/v4/3d/9d/38/3d9d3811-71f0-3a0e-1ada-3004e56ff852/827969428726.jpg/100x100bb.jpg,16.99,1.29,1976-10-29T07:00:00Z,notExplicit,notExplicit,2.0,1.0,21.0,7.0,205125,USA,USD,Pop,True,32940.0,https://music.apple.com/us/artist/michael-jackson/32940?uo=4,,,,,,,,,Michael Jackson
37,track,song,32940.0,159292399.0,159292992,Michael Jackson,The Essential Michael Jackson,Ben,The Essential Michael Jackson,Ben (Single Version),https://music.apple.com/us/artist/michael-jackson/32940?uo=4,https://music.apple.com/us/album/ben-single-version/159292399?i=159292992&uo=4,https://music.apple.com/us/album/ben-single-version/159292399?i=159292992&uo=4,https://audio-ssl.itunes.apple.com/itunes-assets/AudioPreview112/v4/ed/3e/eb/ed3eeb5f-0dd0-5652-8267-e93875fe23ec/mzaf_8799679402070949779.plus.aac.p.m4a,https://is5-ssl.mzstatic.com/image/thumb/Music125/v4/3d/9d/38/3d9d3811-71f0-3a0e-1ada-3004e56ff852/827969428726.jpg/30x30bb.jpg,https://is5-ssl.mzstatic.com/image/thumb/Music125/v4/3d/9d/38/3d9d3811-71f0-3a0e-1ada-3004e56ff852/827969428726.jpg/60x60bb.jpg,https://is5-ssl.mzstatic.com/image/thumb/Music125/v4/3d/9d/38/3d9d3811-71f0-3a0e-1ada-3004e56ff852/827969428726.jpg/100x100bb.jpg,16.99,-1.0,1972-07-12T07:00:00Z,notExplicit,notExplicit,2.0,1.0,21.0,6.0,165799,USA,USD,Pop,False,,,,,,,,,,,
38,track,song,104063.0,159292399.0,159292550,Jackson 5,The Essential Michael Jackson,I Want You Back,The Essential Michael Jackson,I Want You Back,https://music.apple.com/us/artist/jackson-5/104063?uo=4,https://music.apple.com/us/album/i-want-you-back/159292399?i=159292550&uo=4,https://music.apple.com/us/album/i-want-you-back/159292399?i=159292550&uo=4,https://audio-ssl.itunes.apple.com/itunes-assets/AudioPreview122/v4/a2/3f/69/a23f69fa-58dc-3c17-7e03-5d532e053ebd/mzaf_16837431246036849311.plus.aac.p.m4a,https://is5-ssl.mzstatic.com/image/thumb/Music125/v4/3d/9d/38/3d9d3811-71f0-3a0e-1ada-3004e56ff852/827969428726.jpg/30x30bb.jpg,https://is5-ssl.mzstatic.com/image/thumb/Music125/v4/3d/9d/38/3d9d3811-71f0-3a0e-1ada-3004e56ff852/827969428726.jpg/60x60bb.jpg,https://is5-ssl.mzstatic.com/image/thumb/Music125/v4/3d/9d/38/3d9d3811-71f0-3a0e-1ada-3004e56ff852/827969428726.jpg/100x100bb.jpg,16.99,-1.0,1969-10-07T07:00:00Z,notExplicit,notExplicit,2.0,1.0,21.0,1.0,179414,USA,USD,Pop,False,32940.0,https://music.apple.com/us/artist/michael-jackson/32940?uo=4,,,,,,,,,Michael Jackson
39,track,song,32940.0,159292399.0,159292926,Michael Jackson,The Essential Michael Jackson,Rockin' Robin,The Essential Michael Jackson,Rockin' Robin,https://music.apple.com/us/artist/michael-jackson/32940?uo=4,https://music.apple.com/us/album/rockin-robin/159292399?i=159292926&uo=4,https://music.apple.com/us/album/rockin-robin/159292399?i=159292926&uo=4,https://audio-ssl.itunes.apple.com/itunes-assets/AudioPreview112/v4/b6/3d/ed/b63ded1c-9e20-8c60-bd62-96611e1e3001/mzaf_2927885957340025651.plus.aac.p.m4a,https://is5-ssl.mzstatic.com/image/thumb/Music125/v4/3d/9d/38/3d9d3811-71f0-3a0e-1ada-3004e56ff852/827969428726.jpg/30x30bb.jpg,https://is5-ssl.mzstatic.com/image/thumb/Music125/v4/3d/9d/38/3d9d3811-71f0-3a0e-1ada-3004e56ff852/827969428726.jpg/60x60bb.jpg,https://is5-ssl.mzstatic.com/image/thumb/Music125/v4/3d/9d/38/3d9d3811-71f0-3a0e-1ada-3004e56ff852/827969428726.jpg/100x100bb.jpg,16.99,-1.0,1970-01-01T12:00:00Z,notExplicit,notExplicit,2.0,1.0,21.0,5.0,153088,USA,USD,Pop,False,,,,,,,,,,,
40,track,song,32940.0,159292399.0,159292878,Michael Jackson,The Essential Michael Jackson,Got to Be There,The Essential Michael Jackson,Got to Be There (Single Version),https://music.apple.com/us/artist/michael-jackson/32940?uo=4,https://music.apple.com/us/album/got-to-be-there-single-version/159292399?i=159292878&uo=4,https://music.apple.com/us/album/got-to-be-there-single-version/159292399?i=159292878&uo=4,https://audio-ssl.itunes.apple.com/itunes-assets/AudioPreview122/v4/ba/7c/5b/ba7c5b37-a0f9-5d14-e86f-2e68e4e9fd18/mzaf_13937014333474776929.plus.aac.p.m4a,https://is5-ssl.mzstatic.com/image/thumb/Music125/v4/3d/9d/38/3d9d3811-71f0-3a0e-1ada-3004e56ff852/827969428726.jpg/30x30bb.jpg,https://is5-ssl.mzstatic.com/image/thumb/Music125/v4/3d/9d/38/3d9d3811-71f0-3a0e-1ada-3004e56ff852/827969428726.jpg/60x60bb.jpg,https://is5-ssl.mzstatic.com/image/thumb/Music125/v4/3d/9d/38/3d9d3811-71f0-3a0e-1ada-3004e56ff852/827969428726.jpg/100x100bb.jpg,16.99,-1.0,1971-10-07T07:00:00Z,notExplicit,notExplicit,2.0,1.0,21.0,4.0,203297,USA,USD,Pop,False,,,,,,,,,,,
41,track,song,104063.0,159292399.0,159292669,Jackson 5,The Essential Michael Jackson,ABC,The Essential Michael Jackson,ABC,https://music.apple.com/us/artist/jackson-5/104063?uo=4,https://music.apple.com/us/album/abc/159292399?i=159292669&uo=4,https://music.apple.com/us/album/abc/159292399?i=159292669&uo=4,https://audio-ssl.itunes.apple.com/itunes-assets/AudioPreview112/v4/c7/81/94/c7819400-af4a-dc96-e49f-d811a8b8f737/mzaf_17211294868920480590.plus.aac.p.m4a,https://is5-ssl.mzstatic.com/image/thumb/Music125/v4/3d/9d/38/3d9d3811-71f0-3a0e-1ada-3004e56ff852/827969428726.jpg/30x30bb.jpg,https://is5-ssl.mzstatic.com/image/thumb/Music125/v4/3d/9d/38/3d9d3811-71f0-3a0e-1ada-3004e56ff852/827969428726.jpg/60x60bb.jpg,https://is5-ssl.mzstatic.com/image/thumb/Music125/v4/3d/9d/38/3d9d3811-71f0-3a0e-1ada-3004e56ff852/827969428726.jpg/100x100bb.jpg,16.99,-1.0,1970-02-24T08:00:00Z,notExplicit,notExplicit,2.0,1.0,21.0,2.0,177988,USA,USD,Pop,False,32940.0,https://music.apple.com/us/artist/michael-jackson/32940?uo=4,,,,,,,,,Michael Jackson
42,track,song,104063.0,159292399.0,159292829,Jackson 5,The Essential Michael Jackson,The Love You Save,The Essential Michael Jackson,The Love You Save,https://music.apple.com/us/artist/jackson-5/104063?uo=4,https://music.apple.com/us/album/the-love-you-save/159292399?i=159292829&uo=4,https://music.apple.com/us/album/the-love-you-save/159292399?i=159292829&uo=4,https://audio-ssl.itunes.apple.com/itunes-assets/AudioPreview122/v4/b0/47/d5/b047d5ef-88db-51a2-9d5a-cddd1dc9f0b8/mzaf_9898598229403447223.plus.aac.p.m4a,https://is5-ssl.mzstatic.com/image/thumb/Music125/v4/3d/9d/38/3d9d3811-71f0-3a0e-1ada-3004e56ff852/827969428726.jpg/30x30bb.jpg,https://is5-ssl.mzstatic.com/image/thumb/Music125/v4/3d/9d/38/3d9d3811-71f0-3a0e-1ada-3004e56ff852/827969428726.jpg/60x60bb.jpg,https://is5-ssl.mzstatic.com/image/thumb/Music125/v4/3d/9d/38/3d9d3811-71f0-3a0e-1ada-3004e56ff852/827969428726.jpg/100x100bb.jpg,16.99,-1.0,1970-05-13T07:00:00Z,notExplicit,notExplicit,2.0,1.0,21.0,3.0,184563,USA,USD,Pop,False,32940.0,https://music.apple.com/us/artist/michael-jackson/32940?uo=4,,,,,,,,,Michael Jackson
43,track,feature-movie,,,336434787,Kenny Ortega,,Michael Jackson's This Is It,,Michael Jackson's This Is It,,,https://itunes.apple.com/us/movie/michael-jacksons-this-is-it/id336434787?uo=4,https://video-ssl.itunes.apple.com/itunes-assets/Video128/v4/87/d5/42/87d54287-55b4-4a4b-c974-b7d0adba7c74/mzvf_2157637294276408628.640x478.h264lc.U.p.m4v,https://is4-ssl.mzstatic.com/image/thumb/Video/f7/5a/70/mzi.lscbhwnt.jpg/30x30bb.jpg,https://is4-ssl.mzstatic.com/image/thumb/Video/f7/5a/70/mzi.lscbhwnt.jpg/60x60bb.jpg,https://is4-ssl.mzstatic.com/image/thumb/Video/f7/5a/70/mzi.lscbhwnt.jpg/100x100bb.jpg,12.99,12.99,2009-10-28T07:00:00Z,notExplicit,notExplicit,,,,,6676960,USA,USD,Documentary,,,,3.99,12.99,12.99,3.99,PG,,"Michael Jackson’s THIS IS IT is a rare, behind-the-scenes look at the performer as he developed, created and rehearsed for his sold-out concerts at London’s O2 Arena. Chronicling the months from April through June 2009, this film was produced with the full support of the Estate of Michael Jackson and drawn from more than one hundred hours of behind-the-scenes footage featuring Jackson rehearsing a number of his songs for the show. In raw and candid detail, 
Michael Jackson’s THIS IS IT captures the singer, dancer, filmmaker, architect, creative genius and great artist at work as he creates and perfects his planned final London shows.",True,
44,track,feature-movie,,647901090.0,270609870,John McTiernan,Die Hard Collection,Die Hard: With a Vengeance,Die Hard Collection,Die Hard: With a Vengeance,,https://itunes.apple.com/us/movie/die-hard-with-a-vengeance/id270609870?uo=4,https://itunes.apple.com/us/movie/die-hard-with-a-vengeance/id270609870?uo=4,https://video-ssl.itunes.apple.com/itunes-assets/Video128/v4/e1/cf/83/e1cf83a1-db76-b70b-2101-ee2a8dd9f689/mzvf_4052843757495686918.640x362.h264lc.U.p.m4v,https://is3-ssl.mzstatic.com/image/thumb/Video128/v4/9f/99/2a/9f992a4e-fbea-3f04-17d3-bc51abc8ea28/pr_source.lsr/30x30bb.jpg,https://is3-ssl.mzstatic.com/image/thumb/Video128/v4/9f/99/2a/9f992a4e-fbea-3f04-17d3-bc51abc8ea28/pr_source.lsr/60x60bb.jpg,https://is3-ssl.mzstatic.com/image/thumb/Video128/v4/9f/99/2a/9f992a4e-fbea-3f04-17d3-bc51abc8ea28/pr_source.lsr/100x100bb.jpg,14.99,14.99,1995-05-19T07:00:00Z,notExplicit,notExplicit,1.0,1.0,5.0,3.0,7713792,USA,USD,Action & Adventure,,345346894.0,https://itunes.apple.com/us/artist/20th-century-fox-film/345346894?uo=4,3.99,14.99,14.99,3.99,R,,"On the streets of New York City, police officer John McClane (Bruce Willis) has just about seen it all. He's got a nose for danger, a penchant for being in the wrong place at the wrong time and a talent for overcoming incredible odds. But this time, danger is looking for him. Seeking a very personal and mysterious revenge against McClane, a malevolent genius named Simon (Jeremy Irons) is forcing the heroic cop to play a deadly game. The stakes: New York City itself. The game begins when a phone call from Simon sends McClane to Harlem, where he unexpectedly forms an alliance with the very unwilling Zeus Carver (Samuel L. Jackson). McClane and Zeus soon find themselves careening across the Big Apple, pursuing the deadly Simon, who's always one step ahead of them.",True,
45,track,feature-movie,,1472251286.0,1462805716,Michael Dougherty,Godzilla 2-Film Collection,Godzilla: King of the Monsters (2019),Godzilla 4-Film Collection,Godzilla: King of the Monsters (2019),,https://itunes.apple.com/us/movie/godzilla-king-of-the-monsters-2019/id1462805716?uo=4,https://itunes.apple.com/us/movie/godzilla-king-of-the-monsters-2019/id1462805716?uo=4,https://video-ssl.itunes.apple.com/itunes-assets/Video123/v4/a5/78/60/a578603f-d985-8c86-baf3-132e37c9a578/mzvf_9034061660384865309.640x352.h264lc.U.p.m4v,https://is5-ssl.mzstatic.com/image/thumb/Video126/v4/30/f3/66/30f36602-6bf8-7dd6-d23b-7b37d3716184/93fd6fee-0756-48ca-ad4c-fa200a9adad8_GODZILLA_KOTM_TravelLL_V_DD_KA_TT_2000x3000_300dpi_EN.jpg/30x30bb.jpg,https://is5-ssl.mzstatic.com/image/thumb/Video126/v4/30/f3/66/30f36602-6bf8-7dd6-d23b-7b37d3716184/93fd6fee-0756-48ca-ad4c-fa200a9adad8_GODZILLA_KOTM_TravelLL_V_DD_KA_TT_2000x3000_300dpi_EN.jpg/60x60bb.jpg,https://is5-ssl.mzstatic.com/image/thumb/Video126/v4/30/f3/66/30f36602-6bf8-7dd6-d23b-7b37d3716184/93fd6fee-0756-48ca-ad4c-fa200a9adad8_GODZILLA_KOTM_TravelLL_V_DD_KA_TT_2000x3000_300dpi_EN.jpg/100x100bb.jpg,7.99,7.99,2019-05-31T07:00:00Z,notExplicit,notExplicit,1.0,1.0,2.0,1.0,7907022,USA,USD,Action & Adventure,,199257486.0,https://itunes.apple.com/us/artist/warner-bros-entertainment-inc/199257486?uo=4,3.99,7.99,7.99,3.99,PG-13,The story follows the heroic efforts of the crypto-zoological agency Monarch as its members face off,"The story follows the heroic efforts of the crypto-zoological agency Monarch as its members face off against a battery of god-sized monsters, including the mighty Godzilla, who collides with Mothra, Rodan, and his ultimate nemesis, the three-headed King Ghidorah. When these ancient super-species—thought to be mere myths—rise again, they all vie for supremacy, leaving humanity’s very existence hanging in the balance.",True,
46,track,song,32940.0,336643808.0,336644173,Michael Jackson,Michael Jackson's This Is It (The Music That Inspired the Movie),They Don't Care About Us,Michael Jackson's This Is It (The Music That Inspired the Movie),They Don't Care About Us,https://music.apple.com/us/artist/michael-jackson/32940?uo=4,https://music.apple.com/us/album/they-dont-care-about-us/336643808?i=336644173&uo=4,https://music.apple.com/us/album/they-dont-care-about-us/336643808?i=336644173&uo=4,https://audio-ssl.itunes.apple.com/itunes-assets/AudioPreview126/v4/8e/d9/c4/8ed9c443-fb90-6505-60e3-ae750a9b2e31/mzaf_15242686553251859495.plus.aac.p.m4a,https://is3-ssl.mzstatic.com/image/thumb/Features125/v4/2a/82/a5/2a82a59b-6e79-7c39-761a-c1d3b82e93cb/dj.dzbxcmnk.jpg/30x30bb.jpg,https://is3-ssl.mzstatic.com/image/thumb/Features125/v4/2a/82/a5/2a82a59b-6e79-7c39-761a-c1d3b82e93cb/dj.dzbxcmnk.jpg/60x60bb.jpg,https://is3-ssl.mzstatic.com/image/thumb/Features125/v4/2a/82/a5/2a82a59b-6e79-7c39-761a-c1d3b82e93cb/dj.dzbxcmnk.jpg/100x100bb.jpg,10.99,1.29,1996-03-31T12:00:00Z,notExplicit,notExplicit,2.0,1.0,16.0,3.0,284536,USA,USD,Soundtrack,True,,,,,,,,,,,
47,track,feature-movie,,,574178894,David Ayer,,End of Watch,,End of Watch,,,https://itunes.apple.com/us/movie/end-of-watch/id574178894?uo=4,https://video-ssl.itunes.apple.com/itunes-assets/Video117/v4/53/7c/0a/537c0a29-728f-68fc-5cad-f934e56e1db8/mzvf_6919159752819106686.640x478.h264lc.U.p.m4v,https://is2-ssl.mzstatic.com/image/thumb/Video/v4/a0/d8/84/a0d88405-6a88-dcd7-e162-fb3cbe1aaa77/08E49_MLNA_EndOfWatch_tempart.jpg/30x30bb.jpg,https://is2-ssl.mzstatic.com/image/thumb/Video/v4/a0/d8/84/a0d88405-6a88-dcd7-e162-fb3cbe1aaa77/08E49_MLNA_EndOfWatch_tempart.jpg/60x60bb.jpg,https://is2-ssl.mzstatic.com/image/thumb/Video/v4/a0/d8/84/a0d88405-6a88-dcd7-e162-fb3cbe1aaa77/08E49_MLNA_EndOfWatch_tempart.jpg/100x100bb.jpg,14.99,14.99,2012-09-21T07:00:00Z,notExplicit,notExplicit,,,,,6552415,USA,USD,Action & Adventure,,,,3.99,14.99,14.99,3.99,R,,"From the writer of Training Day comes a gripping, action-packed cop drama starring Academy Award® nominee Jake Gyllenhaal and Michael Peña. In their mission to abide by their oath to serve and protect, Officers Brian Taylor (Gyllenhaal) and Mike Zavala (Peña) have formed a powerful brotherhood to ensure they both go home at the end of watch. But nothing can prepare them for the violent backlash that happens after they pull over the members of a notorious drug cartel for a routine traffic stop. Seen from the point of view of the officers, gang members, surveillance cameras, dash cams and citizens caught in the line of fire, a 360° perspective creates a gritty, compassionate and intense portrait of the city’s darkest streets, and the brave men and women patrolling them.",,
48,track,feature-movie,,,1498667424,Leigh Whannell,,The Invisible Man (2020),,The Invisible Man (2020),,,https://itunes.apple.com/us/movie/the-invisible-man-2020/id1498667424?uo=4,https://video-ssl.itunes.apple.com/itunes-assets/Video115/v4/e7/17/77/e71777c3-bebe-d460-7f4f-ad1b945a0fbc/mzvf_10107876843077190565.640x356.h264lc.U.p.m4v,https://is2-ssl.mzstatic.com/image/thumb/Video113/v4/2e/b4/3f/2eb43f1c-0b37-ad5d-8cd1-9f63a1f9a232/pr_source.lsr/30x30bb.jpg,https://is2-ssl.mzstatic.com/image/thumb/Video113/v4/2e/b4/3f/2eb43f1c-0b37-ad5d-8cd1-9f63a1f9a232/pr_source.lsr/60x60bb.jpg,https://is2-ssl.mzstatic.com/image/thumb/Video113/v4/2e/b4/3f/2eb43f1c-0b37-ad5d-8cd1-9f63a1f9a232/pr_source.lsr/100x100bb.jpg,14.99,14.99,2020-02-28T08:00:00Z,notExplicit,notExplicit,,,,,7462592,USA,USD,Drama,,,,3.99,14.99,14.99,3.99,R,"What you can't see can hurt you. Emmy winner Elisabeth Moss (Us, Hulu's The Handmaid's Tale) stars","What you can't see can hurt you. Emmy winner Elisabeth Moss (Us, Hulu's The Handmaid's Tale) stars in a terrifying modern tale of obsession inspired by Universal's classic monster character. Trapped in a violent, controlling relationship with a wealthy and brilliant scientist, Cecilia Kass (Moss) escapes in the dead of night and disappears into hiding, aided by her sister (Harriet Dyer, NBC's The InBetween), their childhood friend (Aldis Hodge, Straight Outta Compton) and his teenage daughter (Storm Reid, HBO's Euphoria). But when Cecilia's abusive ex (Oliver Jackson-Cohen, Netflix's The Haunting of Hill House) commits suicide and leaves her a generous portion of his vast fortune, Cecilia suspects his death was a hoax. As a series of eerie coincidences turns lethal, threatening the lives of those she loves, Cecilia's sanity begins to unravel as she desperately tries to prove that she is being hunted by someone nobody can see.",True,
49,track,feature-movie,,1246988233.0,820509463,José Padilha,RoboCop 2-Movie Collection,RoboCop (2014),RoboCop 2-Movie Collection,RoboCop (2014),,https://itunes.apple.com/us/movie/robocop-2014/id820509463?uo=4,https://itunes.apple.com/us/movie/robocop-2014/id820509463?uo=4,https://video-ssl.itunes.apple.com/itunes-assets/Video122/v4/d8/69/22/d86922ad-af68-34de-f80d-e1d0ff026766/mzvf_5484481360585954572.640x354.h264lc.U.p.m4v,https://is1-ssl.mzstatic.com/image/thumb/Video116/v4/52/5a/92/525a924e-627a-8051-e7cc-d4a9a7e7696f/pr_source.lsr/30x30bb.jpg,https://is1-ssl.mzstatic.com/image/thumb/Video116/v4/52/5a/92/525a924e-627a-8051-e7cc-d4a9a7e7696f/pr_source.lsr/60x60bb.jpg,https://is1-ssl.mzstatic.com/image/thumb/Video116/v4/52/5a/92/525a924e-627a-8051-e7cc-d4a9a7e7696f/pr_source.lsr/100x100bb.jpg,19.99,14.99,2014-02-12T08:00:00Z,notExplicit,notExplicit,1.0,1.0,2.0,2.0,7051007,USA,USD,Action & Adventure,,84755883.0,https://itunes.apple.com/us/artist/mgm/84755883?uo=4,3.99,19.99,14.99,3.99,PG-13,"Set in old Detroit, a crime-ridden ghetto of the not too distant future, a cop killed in the line of","In RoboCop, the year is 2028 and OmniCorp – the world’s leader in robot technology – sees a golden opportunity to reap billions for their company.  When Alex Murphy (Joel Kinnaman) – a loving husband, father and good cop doing his best to stem the tide of crime and corruption in Detroit – is critically injured, OmniCorp grabs their chance to build a part-man, part-robot police officer.  OmniCorp envisions a RoboCop in every city and will stop at nothing – no matter the cost to Alex – to make sure the program succeeds.  But OmniCorp never counted on one thing: there is still a man fighting inside the machine.",True,
